"failures","probs"
0," 0.0000"
1," 0.0000"
2," 0.0000"
3," 0.0001"
4," 0.0003"
5," 0.0006"
6," 0.0009"
7," 0.0015"
8," 0.0022"
9," 0.0032"
10," 0.0044"
11," 0.0060"
12," 0.0079"
13," 0.0103"
14," 0.0130"
15," 0.0163"
16," 0.0202"
17," 0.0246"
18," 0.0298"
19," 0.0356"
20," 0.0423"
21," 0.0497"
22," 0.0581"
23," 0.0674"
24," 0.0777"
25," 0.0890"
26," 0.1015"
27," 0.1152"
28," 0.1301"
29," 0.1463"
30," 0.1638"
31," 0.1828"
32," 0.2032"
33," 0.2252"
34," 0.2487"
35," 0.2739"
36," 0.3007"
37," 0.3293"
38," 0.3597"
39," 0.3919"
40," 0.4261"
41," 0.4622"
42," 0.5002"
43," 0.5404"
44," 0.5826"
45," 0.6269"
46," 0.6735"
47," 0.7222"
48," 0.7733"
49," 0.8266"
50," 0.8823"
51," 0.9404"
52," 1.0009"
53," 1.0639"
54," 1.1294"
55," 1.1975"
56," 1.2681"
57," 1.3413"
58," 1.4171"
59," 1.4956"
60," 1.5768"
61," 1.6607"
62," 1.7473"
63," 1.8367"
64," 1.9289"
65," 2.0239"
66," 2.1217"
67," 2.2224"
68," 2.3259"
69," 2.4323"
70," 2.5416"
71," 2.6538"
72," 2.7690"
73," 2.8871"
74," 3.0081"
75," 3.1321"
76," 3.2590"
77," 3.3889"
78," 3.5218"
79," 3.6576"
80," 3.7964"
81," 3.9383"
82," 4.0831"
83," 4.2308"
84," 4.3816"
85," 4.5353"
86," 4.6921"
87," 4.8518"
88," 5.0144"
89," 5.1800"
90," 5.3486"
91," 5.5201"
92," 5.6946"
93," 5.8720"
94," 6.0523"
95," 6.2355"
96," 6.4215"
97," 6.6105"
98," 6.8023"
99," 6.9970"
100," 7.1945"
101," 7.3949"
102," 7.5980"
103," 7.8039"
104," 8.0126"
105," 8.2240"
106," 8.4381"
107," 8.6550"
108," 8.8745"
109," 9.0967"
110," 9.3215"
111," 9.5489"
112," 9.7789"
113,"10.0115"
114,"10.2466"
115,"10.4842"
116,"10.7244"
117,"10.9669"
118,"11.2120"
119,"11.4594"
120,"11.7092"
121,"11.9614"
122,"12.2159"
123,"12.4726"
124,"12.7317"
125,"12.9930"
126,"13.2565"
127,"13.5222"
128,"13.7900"
129,"14.0599"
130,"14.3320"
131,"14.6061"
132,"14.8822"
133,"15.1603"
134,"15.4403"
135,"15.7223"
136,"16.0062"
137,"16.2920"
138,"16.5796"
139,"16.8690"
140,"17.1601"
141,"17.4530"
142,"17.7476"
143,"18.0439"
144,"18.3418"
145,"18.6413"
146,"18.9424"
147,"19.2450"
148,"19.5491"
149,"19.8547"
150,"20.1617"
151,"20.4701"
152,"20.7799"
153,"21.0910"
154,"21.4034"
155,"21.7171"
156,"22.0321"
157,"22.3482"
158,"22.6655"
159,"22.9839"
160,"23.3035"
161,"23.6241"
162,"23.9458"
163,"24.2684"
164,"24.5921"
165,"24.9167"
166,"25.2422"
167,"25.5685"
168,"25.8957"
169,"26.2238"
170,"26.5526"
171,"26.8821"
172,"27.2124"
173,"27.5434"
174,"27.8750"
175,"28.2073"
176,"28.5401"
177,"28.8735"
178,"29.2074"
179,"29.5419"
180,"29.8768"
181,"30.2122"
182,"30.5479"
183,"30.8841"
184,"31.2206"
185,"31.5575"
186,"31.8946"
187,"32.2320"
188,"32.5697"
189,"32.9075"
190,"33.2456"
191,"33.5838"
192,"33.9222"
193,"34.2606"
194,"34.5991"
195,"34.9377"
196,"35.2763"
197,"35.6149"
198,"35.9535"
199,"36.2921"
200,"36.6305"
201,"36.9689"
202,"37.3071"
203,"37.6452"
204,"37.9831"
205,"38.3208"
206,"38.6583"
207,"38.9955"
208,"39.3325"
209,"39.6692"
210,"40.0056"
211,"40.3416"
212,"40.6773"
213,"41.0126"
214,"41.3475"
215,"41.6820"
216,"42.0160"
217,"42.3496"
218,"42.6827"
219,"43.0153"
220,"43.3474"
221,"43.6789"
222,"44.0099"
223,"44.3403"
224,"44.6701"
225,"44.9992"
226,"45.3278"
227,"45.6557"
228,"45.9829"
229,"46.3094"
230,"46.6353"
231,"46.9604"
232,"47.2848"
233,"47.6084"
234,"47.9313"
235,"48.2534"
236,"48.5746"
237,"48.8951"
238,"49.2148"
239,"49.5336"
240,"49.8515"
241,"50.1686"
242,"50.4848"
243,"50.8000"
244,"51.1144"
245,"51.4279"
246,"51.7404"
247,"52.0520"
248,"52.3626"
249,"52.6722"
250,"52.9809"
251,"53.2885"
252,"53.5952"
253,"53.9008"
254,"54.2054"
255,"54.5089"
256,"54.8115"
257,"55.1129"
258,"55.4133"
259,"55.7126"
260,"56.0108"
261,"56.3079"
262,"56.6039"
263,"56.8988"
264,"57.1926"
265,"57.4853"
266,"57.7768"
267,"58.0671"
268,"58.3563"
269,"58.6444"
270,"58.9313"
271,"59.2170"
272,"59.5015"
273,"59.7848"
274,"60.0670"
275,"60.3479"
276,"60.6276"
277,"60.9061"
278,"61.1835"
279,"61.4595"
280,"61.7344"
281,"62.0080"
282,"62.2804"
283,"62.5515"
284,"62.8214"
285,"63.0901"
286,"63.3575"
287,"63.6236"
288,"63.8885"
289,"64.1521"
290,"64.4144"
291,"64.6755"
292,"64.9353"
293,"65.1938"
294,"65.4510"
295,"65.7070"
296,"65.9617"
297,"66.2151"
298,"66.4672"
299,"66.7180"
300,"66.9675"
301,"67.2157"
302,"67.4626"
303,"67.7083"
304,"67.9526"
305,"68.1956"
306,"68.4374"
307,"68.6778"
308,"68.9170"
309,"69.1548"
310,"69.3913"
311,"69.6266"
312,"69.8605"
313,"70.0932"
314,"70.3245"
315,"70.5545"
316,"70.7833"
317,"71.0107"
318,"71.2368"
319,"71.4617"
320,"71.6852"
321,"71.9075"
322,"72.1285"
323,"72.3481"
324,"72.5665"
325,"72.7836"
326,"72.9994"
327,"73.2139"
328,"73.4271"
329,"73.6390"
330,"73.8497"
331,"74.0591"
332,"74.2672"
333,"74.4740"
334,"74.6796"
335,"74.8839"
336,"75.0869"
337,"75.2886"
338,"75.4891"
339,"75.6883"
340,"75.8863"
341,"76.0830"
342,"76.2785"
343,"76.4727"
344,"76.6657"
345,"76.8574"
346,"77.0479"
347,"77.2372"
348,"77.4252"
349,"77.6120"
350,"77.7976"
351,"77.9819"
352,"78.1651"
353,"78.3470"
354,"78.5277"
355,"78.7072"
356,"78.8855"
357,"79.0626"
358,"79.2385"
359,"79.4133"
360,"79.5868"
361,"79.7591"
362,"79.9303"
363,"80.1003"
364,"80.2691"
365,"80.4368"
366,"80.6033"
367,"80.7686"
368,"80.9328"
369,"81.0959"
370,"81.2578"
371,"81.4185"
372,"81.5782"
373,"81.7366"
374,"81.8940"
375,"82.0503"
376,"82.2054"
377,"82.3594"
378,"82.5123"
379,"82.6642"
380,"82.8149"
381,"82.9645"
382,"83.1130"
383,"83.2605"
384,"83.4069"
385,"83.5522"
386,"83.6964"
387,"83.8396"
388,"83.9817"
389,"84.1228"
390,"84.2628"
391,"84.4018"
392,"84.5398"
393,"84.6767"
394,"84.8126"
395,"84.9474"
396,"85.0813"
397,"85.2141"
398,"85.3459"
399,"85.4768"
400,"85.6066"
401,"85.7354"
402,"85.8633"
403,"85.9902"
404,"86.1161"
405,"86.2410"
406,"86.3650"
407,"86.4880"
408,"86.6100"
409,"86.7311"
410,"86.8513"
411,"86.9705"
412,"87.0888"
413,"87.2061"
414,"87.3226"
415,"87.4381"
416,"87.5527"
417,"87.6664"
418,"87.7792"
419,"87.8911"
420,"88.0021"
421,"88.1122"
422,"88.2215"
423,"88.3299"
424,"88.4374"
425,"88.5440"
426,"88.6498"
427,"88.7547"
428,"88.8588"
429,"88.9620"
430,"89.0644"
431,"89.1659"
432,"89.2666"
433,"89.3665"
434,"89.4656"
435,"89.5639"
436,"89.6614"
437,"89.7580"
438,"89.8539"
439,"89.9489"
440,"90.0432"
441,"90.1367"
442,"90.2294"
443,"90.3214"
444,"90.4126"
445,"90.5030"
446,"90.5926"
447,"90.6816"
448,"90.7697"
449,"90.8571"
450,"90.9438"
451,"91.0298"
452,"91.1150"
453,"91.1995"
454,"91.2833"
455,"91.3663"
456,"91.4487"
457,"91.5304"
458,"91.6113"
459,"91.6916"
460,"91.7712"
461,"91.8501"
462,"91.9283"
463,"92.0058"
464,"92.0827"
465,"92.1589"
466,"92.2345"
467,"92.3094"
468,"92.3836"
469,"92.4572"
470,"92.5302"
471,"92.6025"
472,"92.6742"
473,"92.7452"
474,"92.8157"
475,"92.8855"
476,"92.9547"
477,"93.0233"
478,"93.0913"
479,"93.1587"
480,"93.2255"
481,"93.2917"
482,"93.3573"
483,"93.4223"
484,"93.4868"
485,"93.5507"
486,"93.6140"
487,"93.6767"
488,"93.7389"
489,"93.8005"
490,"93.8616"
491,"93.9221"
492,"93.9821"
493,"94.0415"
494,"94.1005"
495,"94.1588"
496,"94.2167"
497,"94.2740"
498,"94.3308"
499,"94.3871"
500,"94.4429"
501,"94.4981"
502,"94.5529"
503,"94.6071"
504,"94.6609"
505,"94.7142"
506,"94.7670"
507,"94.8193"
508,"94.8711"
509,"94.9225"
510,"94.9733"
511,"95.0237"
512,"95.0737"
513,"95.1232"
514,"95.1722"
515,"95.2207"
516,"95.2689"
517,"95.3165"
518,"95.3638"
519,"95.4105"
520,"95.4569"
521,"95.5028"
522,"95.5483"
523,"95.5934"
524,"95.6380"
525,"95.6822"
526,"95.7260"
527,"95.7694"
528,"95.8124"
529,"95.8550"
530,"95.8972"
531,"95.9390"
532,"95.9804"
533,"96.0214"
534,"96.0620"
535,"96.1022"
536,"96.1421"
537,"96.1815"
538,"96.2206"
539,"96.2593"
540,"96.2977"
541,"96.3357"
542,"96.3733"
543,"96.4106"
544,"96.4475"
545,"96.4840"
546,"96.5202"
547,"96.5561"
548,"96.5916"
549,"96.6268"
550,"96.6616"
551,"96.6961"
552,"96.7302"
553,"96.7641"
554,"96.7976"
555,"96.8308"
556,"96.8636"
557,"96.8962"
558,"96.9284"
559,"96.9603"
560,"96.9919"
561,"97.0232"
562,"97.0542"
563,"97.0849"
564,"97.1153"
565,"97.1454"
566,"97.1752"
567,"97.2047"
568,"97.2339"
569,"97.2628"
570,"97.2914"
571,"97.3198"
572,"97.3479"
573,"97.3757"
574,"97.4032"
575,"97.4305"
576,"97.4575"
577,"97.4842"
578,"97.5107"
579,"97.5369"
580,"97.5628"
581,"97.5885"
582,"97.6139"
583,"97.6391"
584,"97.6640"
585,"97.6887"
586,"97.7132"
587,"97.7373"
588,"97.7613"
589,"97.7850"
590,"97.8085"
591,"97.8317"
592,"97.8547"
593,"97.8775"
594,"97.9000"
595,"97.9224"
596,"97.9445"
597,"97.9663"
598,"97.9880"
599,"98.0094"
600,"98.0306"
601,"98.0516"
602,"98.0724"
603,"98.0930"
604,"98.1134"
605,"98.1336"
606,"98.1535"
607,"98.1733"
608,"98.1929"
609,"98.2122"
610,"98.2314"
611,"98.2504"
612,"98.2691"
613,"98.2877"
614,"98.3061"
615,"98.3243"
616,"98.3424"
617,"98.3602"
618,"98.3779"
619,"98.3953"
620,"98.4126"
621,"98.4298"
622,"98.4467"
623,"98.4635"
624,"98.4801"
625,"98.4965"
626,"98.5128"
627,"98.5289"
628,"98.5448"
629,"98.5606"
630,"98.5762"
631,"98.5916"
632,"98.6069"
633,"98.6220"
634,"98.6370"
635,"98.6518"
636,"98.6665"
637,"98.6810"
638,"98.6953"
639,"98.7095"
640,"98.7236"
641,"98.7375"
642,"98.7513"
643,"98.7649"
644,"98.7784"
645,"98.7917"
646,"98.8049"
647,"98.8180"
648,"98.8309"
649,"98.8437"
650,"98.8564"
651,"98.8689"
652,"98.8813"
653,"98.8936"
654,"98.9057"
655,"98.9177"
656,"98.9296"
657,"98.9414"
658,"98.9530"
659,"98.9645"
660,"98.9759"
661,"98.9872"
662,"98.9984"
663,"99.0094"
664,"99.0203"
665,"99.0311"
666,"99.0418"
667,"99.0524"
668,"99.0629"
669,"99.0732"
670,"99.0835"
671,"99.0936"
672,"99.1037"
673,"99.1136"
674,"99.1234"
675,"99.1331"
676,"99.1427"
677,"99.1522"
678,"99.1616"
679,"99.1709"
680,"99.1802"
681,"99.1893"
682,"99.1983"
683,"99.2072"
684,"99.2160"
685,"99.2247"
686,"99.2334"
687,"99.2419"
688,"99.2504"
689,"99.2587"
690,"99.2670"
691,"99.2752"
692,"99.2833"
693,"99.2913"
694,"99.2992"
695,"99.3070"
696,"99.3148"
697,"99.3225"
698,"99.3301"
699,"99.3376"
700,"99.3450"
701,"99.3523"
702,"99.3596"
703,"99.3668"
704,"99.3739"
705,"99.3809"
706,"99.3879"
707,"99.3947"
708,"99.4015"
709,"99.4083"
710,"99.4149"
711,"99.4215"
712,"99.4280"
713,"99.4345"
714,"99.4409"
715,"99.4472"
716,"99.4534"
717,"99.4596"
718,"99.4657"
719,"99.4717"
720,"99.4777"
721,"99.4836"
722,"99.4894"
723,"99.4952"
724,"99.5009"
725,"99.5066"
726,"99.5121"
727,"99.5177"
728,"99.5231"
729,"99.5285"
730,"99.5339"
731,"99.5392"
732,"99.5444"
733,"99.5496"
734,"99.5547"
735,"99.5598"
736,"99.5648"
737,"99.5697"
738,"99.5746"
739,"99.5795"
740,"99.5843"
741,"99.5890"
742,"99.5937"
743,"99.5983"
744,"99.6029"
745,"99.6074"
746,"99.6119"
747,"99.6163"
748,"99.6207"
749,"99.6250"
750,"99.6293"
751,"99.6336"
752,"99.6378"
753,"99.6419"
754,"99.6460"
755,"99.6501"
756,"99.6541"
757,"99.6580"
758,"99.6620"
759,"99.6658"
760,"99.6697"
761,"99.6735"
762,"99.6772"
763,"99.6809"
764,"99.6846"
765,"99.6882"
766,"99.6918"
767,"99.6953"
768,"99.6988"
769,"99.7023"
770,"99.7057"
771,"99.7091"
772,"99.7125"
773,"99.7158"
774,"99.7191"
775,"99.7223"
776,"99.7255"
777,"99.7287"
778,"99.7318"
779,"99.7349"
780,"99.7380"
781,"99.7410"
782,"99.7440"
783,"99.7469"
784,"99.7499"
785,"99.7528"
786,"99.7556"
787,"99.7585"
788,"99.7613"
789,"99.7640"
790,"99.7668"
791,"99.7695"
792,"99.7721"
793,"99.7748"
794,"99.7774"
795,"99.7800"
796,"99.7825"
797,"99.7851"
798,"99.7876"
799,"99.7900"
800,"99.7925"
801,"99.7949"
802,"99.7973"
803,"99.7996"
804,"99.8020"
805,"99.8043"
806,"99.8066"
807,"99.8088"
808,"99.8110"
809,"99.8132"
810,"99.8154"
811,"99.8176"
812,"99.8197"
813,"99.8218"
814,"99.8239"
815,"99.8259"
816,"99.8280"
817,"99.8300"
818,"99.8320"
819,"99.8339"
820,"99.8359"
821,"99.8378"
822,"99.8397"
823,"99.8416"
824,"99.8434"
825,"99.8453"
826,"99.8471"
827,"99.8489"
828,"99.8507"
829,"99.8524"
830,"99.8541"
831,"99.8559"
832,"99.8576"
833,"99.8592"
834,"99.8609"
835,"99.8625"
836,"99.8641"
837,"99.8657"
838,"99.8673"
839,"99.8689"
840,"99.8704"
841,"99.8719"
842,"99.8734"
843,"99.8749"
844,"99.8764"
845,"99.8779"
846,"99.8793"
847,"99.8807"
848,"99.8821"
849,"99.8835"
850,"99.8849"
851,"99.8863"
852,"99.8876"
853,"99.8889"
854,"99.8903"
855,"99.8915"
856,"99.8928"
857,"99.8941"
858,"99.8954"
859,"99.8966"
860,"99.8978"
861,"99.8990"
862,"99.9002"
863,"99.9014"
864,"99.9026"
865,"99.9037"
866,"99.9049"
867,"99.9060"
868,"99.9071"
869,"99.9082"
870,"99.9093"
871,"99.9104"
872,"99.9114"
873,"99.9125"
874,"99.9135"
875,"99.9146"
876,"99.9156"
877,"99.9166"
878,"99.9176"
879,"99.9186"
880,"99.9195"
881,"99.9205"
882,"99.9214"
883,"99.9224"
884,"99.9233"
885,"99.9242"
886,"99.9251"
887,"99.9260"
888,"99.9269"
889,"99.9278"
890,"99.9286"
891,"99.9295"
892,"99.9303"
893,"99.9311"
894,"99.9320"
895,"99.9328"
896,"99.9336"
897,"99.9344"
898,"99.9352"
899,"99.9359"
900,"99.9367"
901,"99.9375"
902,"99.9382"
903,"99.9390"
904,"99.9397"
905,"99.9404"
906,"99.9411"
907,"99.9418"
908,"99.9425"
909,"99.9432"
910,"99.9439"
911,"99.9446"
912,"99.9452"
913,"99.9459"
914,"99.9465"
915,"99.9472"
916,"99.9478"
917,"99.9484"
918,"99.9491"
919,"99.9497"
920,"99.9503"
921,"99.9509"
922,"99.9515"
923,"99.9521"
924,"99.9526"
925,"99.9532"
926,"99.9538"
927,"99.9543"
928,"99.9549"
929,"99.9554"
930,"99.9560"
931,"99.9565"
932,"99.9570"
933,"99.9575"
934,"99.9580"
935,"99.9585"
936,"99.9590"
937,"99.9595"
938,"99.9600"
939,"99.9605"
940,"99.9610"
941,"99.9615"
942,"99.9619"
943,"99.9624"
944,"99.9628"
945,"99.9633"
946,"99.9637"
947,"99.9642"
948,"99.9646"
949,"99.9650"
950,"99.9655"
951,"99.9659"
952,"99.9663"
953,"99.9667"
954,"99.9671"
955,"99.9675"
956,"99.9679"
957,"99.9683"
958,"99.9687"
959,"99.9690"
960,"99.9694"
961,"99.9698"
962,"99.9702"
963,"99.9705"
964,"99.9709"
965,"99.9712"
966,"99.9716"
967,"99.9719"
968,"99.9723"
969,"99.9726"
970,"99.9729"
971,"99.9733"
972,"99.9736"
973,"99.9739"
974,"99.9742"
975,"99.9745"
976,"99.9749"
977,"99.9752"
978,"99.9755"
979,"99.9758"
980,"99.9761"
981,"99.9763"
982,"99.9766"
983,"99.9769"
984,"99.9772"
985,"99.9775"
986,"99.9778"
987,"99.9780"
988,"99.9783"
989,"99.9786"
990,"99.9788"
991,"99.9791"
992,"99.9793"
993,"99.9796"
994,"99.9798"
995,"99.9801"
996,"99.9803"
997,"99.9806"
998,"99.9808"
999,"99.9810"
1000,"99.9813"
1001,"99.9815"
1002,"99.9817"
1003,"99.9819"
1004,"99.9822"
1005,"99.9824"
1006,"99.9826"
1007,"99.9828"
1008,"99.9830"
1009,"99.9832"
1010,"99.9834"
1011,"99.9836"
1012,"99.9838"
1013,"99.9840"
1014,"99.9842"
1015,"99.9844"
1016,"99.9846"
1017,"99.9848"
1018,"99.9850"
1019,"99.9852"
1020,"99.9854"
1021,"99.9855"
1022,"99.9857"
1023,"99.9859"
1024,"99.9861"
1025,"99.9862"
1026,"99.9864"
1027,"99.9866"
1028,"99.9867"
1029,"99.9869"
1030,"99.9871"
1031,"99.9872"
1032,"99.9874"
1033,"99.9875"
1034,"99.9877"
1035,"99.9878"
1036,"99.9880"
1037,"99.9881"
1038,"99.9883"
1039,"99.9884"
1040,"99.9886"
1041,"99.9887"
1042,"99.9888"
1043,"99.9890"
1044,"99.9891"
1045,"99.9892"
1046,"99.9894"
1047,"99.9895"
1048,"99.9896"
1049,"99.9898"
1050,"99.9899"
1051,"99.9900"
1052,"99.9901"
1053,"99.9903"
1054,"99.9904"
1055,"99.9905"
1056,"99.9906"
1057,"99.9907"
1058,"99.9908"
1059,"99.9910"
1060,"99.9911"
1061,"99.9912"
1062,"99.9913"
1063,"99.9914"
1064,"99.9915"
1065,"99.9916"
1066,"99.9917"
1067,"99.9918"
1068,"99.9919"
1069,"99.9920"
1070,"99.9921"
1071,"99.9922"
1072,"99.9923"
1073,"99.9924"
1074,"99.9925"
1075,"99.9926"
1076,"99.9927"
1077,"99.9928"
1078,"99.9929"
1079,"99.9929"
1080,"99.9930"
1081,"99.9931"
1082,"99.9932"
1083,"99.9933"
1084,"99.9934"
1085,"99.9935"
1086,"99.9935"
1087,"99.9936"
1088,"99.9937"
1089,"99.9938"
1090,"99.9939"
1091,"99.9939"
1092,"99.9940"
1093,"99.9941"
1094,"99.9941"
1095,"99.9942"
1096,"99.9943"
1097,"99.9944"
1098,"99.9944"
1099,"99.9945"
1100,"99.9946"
1101,"99.9946"
1102,"99.9947"
1103,"99.9948"
1104,"99.9948"
1105,"99.9949"
1106,"99.9950"
1107,"99.9950"
1108,"99.9951"
1109,"99.9951"
1110,"99.9952"
1111,"99.9953"
1112,"99.9953"
1113,"99.9954"
1114,"99.9954"
1115,"99.9955"
1116,"99.9956"
1117,"99.9956"
1118,"99.9957"
1119,"99.9957"
1120,"99.9958"
1121,"99.9958"
1122,"99.9959"
1123,"99.9959"
1124,"99.9960"
1125,"99.9960"
1126,"99.9961"
1127,"99.9961"
1128,"99.9962"
1129,"99.9962"
1130,"99.9963"
1131,"99.9963"
1132,"99.9964"
1133,"99.9964"
1134,"99.9964"
1135,"99.9965"
1136,"99.9965"
1137,"99.9966"
1138,"99.9966"
1139,"99.9967"
1140,"99.9967"
1141,"99.9967"
1142,"99.9968"
1143,"99.9968"
1144,"99.9969"
1145,"99.9969"
1146,"99.9969"
1147,"99.9970"
1148,"99.9970"
1149,"99.9971"
1150,"99.9971"
1151,"99.9971"
1152,"99.9972"
1153,"99.9972"
1154,"99.9972"
1155,"99.9973"
1156,"99.9973"
1157,"99.9973"
1158,"99.9974"
1159,"99.9974"
1160,"99.9974"
1161,"99.9975"
1162,"99.9975"
1163,"99.9975"
1164,"99.9976"
1165,"99.9976"
1166,"99.9976"
1167,"99.9976"
1168,"99.9977"
1169,"99.9977"
1170,"99.9977"
1171,"99.9978"
1172,"99.9978"
1173,"99.9978"
1174,"99.9978"
1175,"99.9979"
1176,"99.9979"
1177,"99.9979"
1178,"99.9979"
1179,"99.9980"
1180,"99.9980"
1181,"99.9980"
1182,"99.9980"
1183,"99.9981"
1184,"99.9981"
1185,"99.9981"
1186,"99.9981"
1187,"99.9982"
1188,"99.9982"
1189,"99.9982"
1190,"99.9982"
1191,"99.9982"
1192,"99.9983"
1193,"99.9983"
1194,"99.9983"
1195,"99.9983"
1196,"99.9984"
1197,"99.9984"
1198,"99.9984"
1199,"99.9984"
1200,"99.9984"
1201,"99.9985"
1202,"99.9985"
1203,"99.9985"
1204,"99.9985"
1205,"99.9985"
1206,"99.9985"
1207,"99.9986"
1208,"99.9986"
1209,"99.9986"
1210,"99.9986"
1211,"99.9986"
1212,"99.9986"
1213,"99.9987"
1214,"99.9987"
1215,"99.9987"
1216,"99.9987"
1217,"99.9987"
1218,"99.9987"
1219,"99.9988"
1220,"99.9988"
1221,"99.9988"
1222,"99.9988"
1223,"99.9988"
1224,"99.9988"
1225,"99.9988"
1226,"99.9989"
1227,"99.9989"
1228,"99.9989"
1229,"99.9989"
1230,"99.9989"
1231,"99.9989"
1232,"99.9989"
1233,"99.9990"
1234,"99.9990"
1235,"99.9990"
1236,"99.9990"
1237,"99.9990"
1238,"99.9990"
1239,"99.9990"
1240,"99.9990"
1241,"99.9991"
1242,"99.9991"
1243,"99.9991"
1244,"99.9991"
1245,"99.9991"
1246,"99.9991"
1247,"99.9991"
1248,"99.9991"
1249,"99.9991"
1250,"99.9992"
1251,"99.9992"
1252,"99.9992"
1253,"99.9992"
1254,"99.9992"
1255,"99.9992"
1256,"99.9992"
1257,"99.9992"
1258,"99.9992"
1259,"99.9992"
1260,"99.9992"
1261,"99.9993"
1262,"99.9993"
1263,"99.9993"
1264,"99.9993"
1265,"99.9993"
1266,"99.9993"
1267,"99.9993"
1268,"99.9993"
1269,"99.9993"
1270,"99.9993"
1271,"99.9993"
1272,"99.9993"
1273,"99.9994"
1274,"99.9994"
1275,"99.9994"
1276,"99.9994"
1277,"99.9994"
1278,"99.9994"
1279,"99.9994"
1280,"99.9994"
1281,"99.9994"
1282,"99.9994"
1283,"99.9994"
1284,"99.9994"
1285,"99.9994"
1286,"99.9994"
1287,"99.9995"
1288,"99.9995"
1289,"99.9995"
1290,"99.9995"
1291,"99.9995"
1292,"99.9995"
1293,"99.9995"
1294,"99.9995"
1295,"99.9995"
1296,"99.9995"
1297,"99.9995"
1298,"99.9995"
1299,"99.9995"
1300,"99.9995"
1301,"99.9995"
1302,"99.9995"
1303,"99.9995"
1304,"99.9996"
1305,"99.9996"
1306,"99.9996"
1307,"99.9996"
1308,"99.9996"
1309,"99.9996"
1310,"99.9996"
1311,"99.9996"
1312,"99.9996"
1313,"99.9996"
1314,"99.9996"
1315,"99.9996"
1316,"99.9996"
1317,"99.9996"
1318,"99.9996"
1319,"99.9996"
1320,"99.9996"
1321,"99.9996"
1322,"99.9996"
1323,"99.9996"
1324,"99.9996"
1325,"99.9996"
1326,"99.9997"
1327,"99.9997"
1328,"99.9997"
1329,"99.9997"
1330,"99.9997"
1331,"99.9997"
1332,"99.9997"
1333,"99.9997"
1334,"99.9997"
1335,"99.9997"
1336,"99.9997"
1337,"99.9997"
1338,"99.9997"
1339,"99.9997"
1340,"99.9997"
1341,"99.9997"
1342,"99.9997"
1343,"99.9997"
1344,"99.9997"
1345,"99.9997"
1346,"99.9997"
1347,"99.9997"
1348,"99.9997"
1349,"99.9997"
1350,"99.9997"
1351,"99.9997"
1352,"99.9997"
1353,"99.9997"
1354,"99.9997"
1355,"99.9997"
1356,"99.9997"
1357,"99.9997"
1358,"99.9998"
1359,"99.9998"
1360,"99.9998"
1361,"99.9998"
1362,"99.9998"
1363,"99.9998"
1364,"99.9998"
1365,"99.9998"
1366,"99.9998"
1367,"99.9998"
1368,"99.9998"
1369,"99.9998"
1370,"99.9998"
1371,"99.9998"
1372,"99.9998"
1373,"99.9998"
1374,"99.9998"
1375,"99.9998"
1376,"99.9998"
1377,"99.9998"
1378,"99.9998"
1379,"99.9998"
1380,"99.9998"
1381,"99.9998"
1382,"99.9998"
1383,"99.9998"
1384,"99.9998"
1385,"99.9998"
1386,"99.9998"
1387,"99.9998"
1388,"99.9998"
1389,"99.9998"
1390,"99.9998"
1391,"99.9998"
1392,"99.9998"
1393,"99.9998"
1394,"99.9998"
1395,"99.9998"
1396,"99.9998"
1397,"99.9998"
1398,"99.9998"
1399,"99.9998"
1400,"99.9998"
1401,"99.9998"
1402,"99.9998"
1403,"99.9998"
1404,"99.9998"
1405,"99.9998"
1406,"99.9998"
1407,"99.9998"
1408,"99.9998"
1409,"99.9998"
1410,"99.9998"
1411,"99.9999"
1412,"99.9999"
1413,"99.9999"
1414,"99.9999"
1415,"99.9999"
1416,"99.9999"
1417,"99.9999"
1418,"99.9999"
1419,"99.9999"
1420,"99.9999"
1421,"99.9999"
1422,"99.9999"
1423,"99.9999"
1424,"99.9999"
1425,"99.9999"
1426,"99.9999"
1427,"99.9999"
1428,"99.9999"
1429,"99.9999"
1430,"99.9999"
1431,"99.9999"
1432,"99.9999"
1433,"99.9999"
1434,"99.9999"
1435,"99.9999"
1436,"99.9999"
1437,"99.9999"
1438,"99.9999"
1439,"99.9999"
1440,"99.9999"
1441,"99.9999"
1442,"99.9999"
1443,"99.9999"
1444,"99.9999"
1445,"99.9999"
1446,"99.9999"
1447,"99.9999"
1448,"99.9999"
1449,"99.9999"
1450,"99.9999"
1451,"99.9999"
1452,"99.9999"
1453,"99.9999"
1454,"99.9999"
1455,"99.9999"
1456,"99.9999"
1457,"99.9999"
1458,"99.9999"
1459,"99.9999"
1460,"99.9999"
1461,"99.9999"
1462,"99.9999"
1463,"99.9999"
1464,"99.9999"
1465,"99.9999"
1466,"99.9999"
1467,"99.9999"
1468,"99.9999"
1469,"99.9999"
1470,"99.9999"
1471,"99.9999"
1472,"99.9999"
1473,"99.9999"
1474,"99.9999"
1475,"99.9999"
1476,"99.9999"
1477,"99.9999"
1478,"99.9999"
1479,"99.9999"
1480,"99.9999"
1481,"99.9999"
1482,"99.9999"
1483,"99.9999"
1484,"99.9999"
1485,"99.9999"
1486,"99.9999"
1487,"99.9999"
1488,"99.9999"
1489,"99.9999"
1490,"99.9999"
1491,"99.9999"
1492,"99.9999"
1493,"99.9999"
1494,"99.9999"
1495,"99.9999"
1496,"99.9999"
1497,"99.9999"
1498,"99.9999"
1499,"99.9999"
1500,"99.9999"
1501,"99.9999"
1502,"99.9999"
1503,"99.9999"
1504,"99.9999"
1505,"99.9999"
1506,"99.9999"
1507,"99.9999"
1508,"99.9999"
1509,"99.9999"
1510,"99.9999"
1511,"99.9999"
1512,"99.9999"
1513,"99.9999"
1514,"99.9999"
1515,"99.9999"
1516,"99.9999"
1517,"99.9999"
1518,"99.9999"
1519,"99.9999"
1520,"99.9999"
1521,"99.9999"
1522,"99.9999"
1523,"99.9999"
1524,"99.9999"
1525,"99.9999"
1526,"99.9999"
1527,"99.9999"
1528,"99.9999"
1529,"99.9999"
1530,"99.9999"
1531,"99.9999"
1532,"99.9999"
1533,"99.9999"
1534,"99.9999"
1535,"99.9999"
1536,"99.9999"
1537,"99.9999"
1538,"99.9999"
1539,"99.9999"
1540,"99.9999"
1541,"99.9999"
1542,"99.9999"
1543,"99.9999"
1544,"99.9999"
1545,"99.9999"
1546,"99.9999"
1547,"99.9999"
1548,"99.9999"
1549,"99.9999"
1550,"99.9999"
1551,"99.9999"
1552,"99.9999"
1553,"99.9999"
1554,"99.9999"
1555,"99.9999"
1556,"99.9999"
1557,"99.9999"
1558,"99.9999"
1559,"99.9999"
1560,"99.9999"
1561,"99.9999"
1562,"99.9999"
1563,"99.9999"
1564,"99.9999"
1565,"99.9999"
1566,"99.9999"
1567,"99.9999"
1568,"99.9999"
1569,"99.9999"
1570,"99.9999"
1571,"99.9999"
1572,"99.9999"
1573,"99.9999"
1574,"99.9999"
1575,"99.9999"
1576,"99.9999"
1577,"99.9999"
1578,"99.9999"
1579,"99.9999"
1580,"99.9999"
1581,"99.9999"
1582,"99.9999"
1583,"99.9999"
1584,"99.9999"
1585,"99.9999"
1586,"99.9999"
1587,"99.9999"
1588,"99.9999"
1589,"99.9999"
1590,"99.9999"
1591,"99.9999"
1592,"99.9999"
1593,"99.9999"
1594,"99.9999"
1595,"99.9999"
1596,"99.9999"
1597,"99.9999"
1598,"99.9999"
1599,"99.9999"
1600,"99.9999"
1601,"99.9999"
1602,"99.9999"
1603,"99.9999"
1604,"99.9999"
1605,"99.9999"
1606,"99.9999"
1607,"99.9999"
1608,"99.9999"
1609,"99.9999"
1610,"99.9999"
1611,"99.9999"
1612,"99.9999"
1613,"99.9999"
1614,"99.9999"
1615,"99.9999"
1616,"99.9999"
1617,"99.9999"
1618,"99.9999"
1619,"99.9999"
1620,"99.9999"
1621,"99.9999"
1622,"99.9999"
1623,"99.9999"
1624,"99.9999"
1625,"99.9999"
1626,"99.9999"
1627,"99.9999"
1628,"99.9999"
1629,"99.9999"
1630,"99.9999"
1631,"99.9999"
1632,"99.9999"
1633,"99.9999"
1634,"99.9999"
1635,"99.9999"
1636,"99.9999"
1637,"99.9999"
1638,"99.9999"
1639,"99.9999"
1640,"99.9999"
1641,"99.9999"
1642,"99.9999"
1643,"99.9999"
1644,"99.9999"
1645,"99.9999"
1646,"99.9999"
1647,"99.9999"
1648,"99.9999"
1649,"99.9999"
1650,"99.9999"
1651,"99.9999"
1652,"99.9999"
1653,"99.9999"
1654,"99.9999"
1655,"99.9999"
1656,"99.9999"
1657,"99.9999"
1658,"99.9999"
1659,"99.9999"
1660,"99.9999"
1661,"99.9999"
1662,"99.9999"
1663,"99.9999"
1664,"99.9999"
1665,"99.9999"
1666,"99.9999"
1667,"99.9999"
1668,"99.9999"
1669,"99.9999"
1670,"99.9999"
1671,"99.9999"
1672,"99.9999"
1673,"99.9999"
1674,"99.9999"
1675,"99.9999"
1676,"99.9999"
1677,"99.9999"
1678,"99.9999"
1679,"99.9999"
1680,"99.9999"
1681,"99.9999"
1682,"99.9999"
1683,"99.9999"
1684,"99.9999"
1685,"99.9999"
1686,"99.9999"
1687,"99.9999"
1688,"99.9999"
1689,"99.9999"
1690,"99.9999"
1691,"99.9999"
1692,"99.9999"
1693,"99.9999"
1694,"99.9999"
1695,"99.9999"
1696,"99.9999"
1697,"99.9999"
1698,"99.9999"
1699,"99.9999"
1700,"99.9999"
1701,"99.9999"
1702,"99.9999"
1703,"99.9999"
1704,"99.9999"
1705,"99.9999"
1706,"99.9999"
1707,"99.9999"
1708,"99.9999"
1709,"99.9999"
1710,"99.9999"
1711,"99.9999"
1712,"99.9999"
1713,"99.9999"
1714,"99.9999"
1715,"99.9999"
1716,"99.9999"
1717,"99.9999"
1718,"99.9999"
1719,"99.9999"
1720,"99.9999"
1721,"99.9999"
1722,"99.9999"
1723,"99.9999"
1724,"99.9999"
1725,"99.9999"
1726,"99.9999"
1727,"99.9999"
1728,"99.9999"
1729,"99.9999"
1730,"99.9999"
1731,"99.9999"
1732,"99.9999"
1733,"99.9999"
1734,"99.9999"
1735,"99.9999"
1736,"99.9999"
1737,"99.9999"
1738,"99.9999"
1739,"99.9999"
1740,"99.9999"
1741,"99.9999"
1742,"99.9999"
1743,"99.9999"
1744,"99.9999"
1745,"99.9999"
1746,"99.9999"
1747,"99.9999"
1748,"99.9999"
1749,"99.9999"
1750,"99.9999"
1751,"99.9999"
1752,"99.9999"
1753,"99.9999"
1754,"99.9999"
1755,"99.9999"
1756,"99.9999"
1757,"99.9999"
1758,"99.9999"
1759,"99.9999"
1760,"99.9999"
1761,"99.9999"
1762,"99.9999"
1763,"99.9999"
1764,"99.9999"
1765,"99.9999"
1766,"99.9999"
1767,"99.9999"
1768,"99.9999"
1769,"99.9999"
1770,"99.9999"
1771,"99.9999"
1772,"99.9999"
1773,"99.9999"
1774,"99.9999"
1775,"99.9999"
1776,"99.9999"
1777,"99.9999"
1778,"99.9999"
1779,"99.9999"
1780,"99.9999"
1781,"99.9999"
1782,"99.9999"
1783,"99.9999"
1784,"99.9999"
1785,"99.9999"
1786,"99.9999"
1787,"99.9999"
1788,"99.9999"
1789,"99.9999"
1790,"99.9999"
1791,"99.9999"
1792,"99.9999"
1793,"99.9999"
1794,"99.9999"
1795,"99.9999"
1796,"99.9999"
1797,"99.9999"
1798,"99.9999"
1799,"99.9999"
1800,"99.9999"
1801,"99.9999"
1802,"99.9999"
1803,"99.9999"
1804,"99.9999"
1805,"99.9999"
1806,"99.9999"
1807,"99.9999"
1808,"99.9999"
1809,"99.9999"
1810,"99.9999"
1811,"99.9999"
1812,"99.9999"
1813,"99.9999"
1814,"99.9999"
1815,"99.9999"
1816,"99.9999"
1817,"99.9999"
1818,"99.9999"
1819,"99.9999"
1820,"99.9999"
1821,"99.9999"
1822,"99.9999"
1823,"99.9999"
1824,"99.9999"
1825,"99.9999"
1826,"99.9999"
1827,"99.9999"
1828,"99.9999"
1829,"99.9999"
1830,"99.9999"
1831,"99.9999"
1832,"99.9999"
1833,"99.9999"
1834,"99.9999"
1835,"99.9999"
1836,"99.9999"
1837,"99.9999"
1838,"99.9999"
1839,"99.9999"
1840,"99.9999"
1841,"99.9999"
1842,"99.9999"
1843,"99.9999"
1844,"99.9999"
1845,"99.9999"
1846,"99.9999"
1847,"99.9999"
1848,"99.9999"
1849,"99.9999"
1850,"99.9999"
1851,"99.9999"
1852,"99.9999"
1853,"99.9999"
1854,"99.9999"
1855,"99.9999"
1856,"99.9999"
1857,"99.9999"
1858,"99.9999"
1859,"99.9999"
1860,"99.9999"
1861,"99.9999"
1862,"99.9999"
1863,"99.9999"
1864,"99.9999"
1865,"99.9999"
1866,"99.9999"
1867,"99.9999"
1868,"99.9999"
1869,"99.9999"
1870,"99.9999"
1871,"99.9999"
1872,"99.9999"
1873,"99.9999"
1874,"99.9999"
1875,"99.9999"
1876,"99.9999"
1877,"99.9999"
1878,"99.9999"
1879,"99.9999"
1880,"99.9999"
1881,"99.9999"
1882,"99.9999"
1883,"99.9999"
1884,"99.9999"
1885,"99.9999"
1886,"99.9999"
1887,"99.9999"
1888,"99.9999"
1889,"99.9999"
1890,"99.9999"
1891,"99.9999"
1892,"99.9999"
1893,"99.9999"
1894,"99.9999"
1895,"99.9999"
1896,"99.9999"
1897,"99.9999"
1898,"99.9999"
1899,"99.9999"
1900,"99.9999"
1901,"99.9999"
1902,"99.9999"
1903,"99.9999"
1904,"99.9999"
1905,"99.9999"
1906,"99.9999"
1907,"99.9999"
1908,"99.9999"
1909,"99.9999"
1910,"99.9999"
1911,"99.9999"
1912,"99.9999"
1913,"99.9999"
1914,"99.9999"
1915,"99.9999"
1916,"99.9999"
1917,"99.9999"
1918,"99.9999"
1919,"99.9999"
1920,"99.9999"
1921,"99.9999"
1922,"99.9999"
1923,"99.9999"
1924,"99.9999"
1925,"99.9999"
1926,"99.9999"
1927,"99.9999"
1928,"99.9999"
1929,"99.9999"
1930,"99.9999"
1931,"99.9999"
1932,"99.9999"
1933,"99.9999"
1934,"99.9999"
1935,"99.9999"
1936,"99.9999"
1937,"99.9999"
1938,"99.9999"
1939,"99.9999"
1940,"99.9999"
1941,"99.9999"
1942,"99.9999"
1943,"99.9999"
1944,"99.9999"
1945,"99.9999"
1946,"99.9999"
1947,"99.9999"
1948,"99.9999"
1949,"99.9999"
1950,"99.9999"
1951,"99.9999"
1952,"99.9999"
1953,"99.9999"
1954,"99.9999"
1955,"99.9999"
1956,"99.9999"
1957,"99.9999"
1958,"99.9999"
1959,"99.9999"
1960,"99.9999"
1961,"99.9999"
1962,"99.9999"
1963,"99.9999"
1964,"99.9999"
1965,"99.9999"
1966,"99.9999"
1967,"99.9999"
1968,"99.9999"
1969,"99.9999"
1970,"99.9999"
1971,"99.9999"
1972,"99.9999"
1973,"99.9999"
1974,"99.9999"
1975,"99.9999"
1976,"99.9999"
1977,"99.9999"
1978,"99.9999"
1979,"99.9999"
1980,"99.9999"
1981,"99.9999"
1982,"99.9999"
1983,"99.9999"
1984,"99.9999"
1985,"99.9999"
1986,"99.9999"
1987,"99.9999"
1988,"99.9999"
1989,"99.9999"
1990,"99.9999"
1991,"99.9999"
1992,"99.9999"
1993,"99.9999"
1994,"99.9999"
1995,"99.9999"
1996,"99.9999"
1997,"99.9999"
1998,"99.9999"
1999,"99.9999"
2000,"99.9999"
2001,"99.9999"
2002,"99.9999"
2003,"99.9999"
2004,"99.9999"
2005,"99.9999"
2006,"99.9999"
2007,"99.9999"
2008,"99.9999"
2009,"99.9999"
2010,"99.9999"
2011,"99.9999"
2012,"99.9999"
2013,"99.9999"
2014,"99.9999"
2015,"99.9999"
2016,"99.9999"
2017,"99.9999"
2018,"99.9999"
2019,"99.9999"
2020,"99.9999"
2021,"99.9999"
2022,"99.9999"
2023,"99.9999"
2024,"99.9999"
2025,"99.9999"
2026,"99.9999"
2027,"99.9999"
2028,"99.9999"
2029,"99.9999"
2030,"99.9999"
2031,"99.9999"
2032,"99.9999"
2033,"99.9999"
2034,"99.9999"
2035,"99.9999"
2036,"99.9999"
2037,"99.9999"
2038,"99.9999"
2039,"99.9999"
2040,"99.9999"
2041,"99.9999"
2042,"99.9999"
2043,"99.9999"
2044,"99.9999"
2045,"99.9999"
2046,"99.9999"
2047,"99.9999"
2048,"99.9999"
2049,"99.9999"
2050,"99.9999"
2051,"99.9999"
2052,"99.9999"
2053,"99.9999"
2054,"99.9999"
2055,"99.9999"
2056,"99.9999"
2057,"99.9999"
2058,"99.9999"
2059,"99.9999"
2060,"99.9999"
2061,"99.9999"
2062,"99.9999"
2063,"99.9999"
2064,"99.9999"
2065,"99.9999"
2066,"99.9999"
2067,"99.9999"
2068,"99.9999"
2069,"99.9999"
2070,"99.9999"
2071,"99.9999"
2072,"99.9999"
2073,"99.9999"
2074,"99.9999"
2075,"99.9999"
2076,"99.9999"
2077,"99.9999"
2078,"99.9999"
2079,"99.9999"
2080,"99.9999"
2081,"99.9999"
2082,"99.9999"
2083,"99.9999"
2084,"99.9999"
2085,"99.9999"
2086,"99.9999"
2087,"99.9999"
2088,"99.9999"
2089,"99.9999"
2090,"99.9999"
2091,"99.9999"
2092,"99.9999"
2093,"99.9999"
2094,"99.9999"
2095,"99.9999"
2096,"99.9999"
2097,"99.9999"
2098,"99.9999"
2099,"99.9999"
2100,"99.9999"
2101,"99.9999"
2102,"99.9999"
2103,"99.9999"
2104,"99.9999"
2105,"99.9999"
2106,"99.9999"
2107,"99.9999"
2108,"99.9999"
2109,"99.9999"
2110,"99.9999"
2111,"99.9999"
2112,"99.9999"
2113,"99.9999"
2114,"99.9999"
2115,"99.9999"
2116,"99.9999"
2117,"99.9999"
2118,"99.9999"
2119,"99.9999"
2120,"99.9999"
2121,"99.9999"
2122,"99.9999"
2123,"99.9999"
2124,"99.9999"
2125,"99.9999"
2126,"99.9999"
2127,"99.9999"
2128,"99.9999"
2129,"99.9999"
2130,"99.9999"
2131,"99.9999"
2132,"99.9999"
2133,"99.9999"
2134,"99.9999"
2135,"99.9999"
2136,"99.9999"
2137,"99.9999"
2138,"99.9999"
2139,"99.9999"
2140,"99.9999"
2141,"99.9999"
2142,"99.9999"
2143,"99.9999"
2144,"99.9999"
2145,"99.9999"
2146,"99.9999"
2147,"99.9999"
2148,"99.9999"
2149,"99.9999"
2150,"99.9999"
2151,"99.9999"
2152,"99.9999"
2153,"99.9999"
2154,"99.9999"
2155,"99.9999"
2156,"99.9999"
2157,"99.9999"
2158,"99.9999"
2159,"99.9999"
2160,"99.9999"
2161,"99.9999"
2162,"99.9999"
2163,"99.9999"
2164,"99.9999"
2165,"99.9999"
2166,"99.9999"
2167,"99.9999"
2168,"99.9999"
2169,"99.9999"
2170,"99.9999"
2171,"99.9999"
2172,"99.9999"
2173,"99.9999"
2174,"99.9999"
2175,"99.9999"
2176,"99.9999"
2177,"99.9999"
2178,"99.9999"
2179,"99.9999"
2180,"99.9999"
2181,"99.9999"
2182,"99.9999"
2183,"99.9999"
2184,"99.9999"
2185,"99.9999"
2186,"99.9999"
2187,"99.9999"
2188,"99.9999"
2189,"99.9999"
2190,"99.9999"
2191,"99.9999"
2192,"99.9999"
2193,"99.9999"
2194,"99.9999"
2195,"99.9999"
2196,"99.9999"
2197,"99.9999"
2198,"99.9999"
2199,"99.9999"
2200,"99.9999"
2201,"99.9999"
2202,"99.9999"
2203,"99.9999"
2204,"99.9999"
2205,"99.9999"
2206,"99.9999"
2207,"99.9999"
2208,"99.9999"
2209,"99.9999"
2210,"99.9999"
2211,"99.9999"
2212,"99.9999"
2213,"99.9999"
2214,"99.9999"
2215,"99.9999"
2216,"99.9999"
2217,"99.9999"
2218,"99.9999"
2219,"99.9999"
2220,"99.9999"
2221,"99.9999"
2222,"99.9999"
2223,"99.9999"
2224,"99.9999"
2225,"99.9999"
2226,"99.9999"
2227,"99.9999"
2228,"99.9999"
2229,"99.9999"
2230,"99.9999"
2231,"99.9999"
2232,"99.9999"
2233,"99.9999"
2234,"99.9999"
2235,"99.9999"
2236,"99.9999"
2237,"99.9999"
2238,"99.9999"
2239,"99.9999"
2240,"99.9999"
2241,"99.9999"
2242,"99.9999"
2243,"99.9999"
2244,"99.9999"
2245,"99.9999"
2246,"99.9999"
2247,"99.9999"
2248,"99.9999"
2249,"99.9999"
2250,"99.9999"
2251,"99.9999"
2252,"99.9999"
2253,"99.9999"
2254,"99.9999"
2255,"99.9999"
2256,"99.9999"
2257,"99.9999"
2258,"99.9999"
2259,"99.9999"
2260,"99.9999"
2261,"99.9999"
2262,"99.9999"
2263,"99.9999"
2264,"99.9999"
2265,"99.9999"
2266,"99.9999"
2267,"99.9999"
2268,"99.9999"
2269,"99.9999"
2270,"99.9999"
2271,"99.9999"
2272,"99.9999"
2273,"99.9999"
2274,"99.9999"
2275,"99.9999"
2276,"99.9999"
2277,"99.9999"
2278,"99.9999"
2279,"99.9999"
2280,"99.9999"
2281,"99.9999"
2282,"99.9999"
2283,"99.9999"
2284,"99.9999"
2285,"99.9999"
2286,"99.9999"
2287,"99.9999"
2288,"99.9999"
2289,"99.9999"
2290,"99.9999"
2291,"99.9999"
2292,"99.9999"
2293,"99.9999"
2294,"99.9999"
2295,"99.9999"
2296,"99.9999"
2297,"99.9999"
2298,"99.9999"
2299,"99.9999"
2300,"99.9999"
2301,"99.9999"
2302,"99.9999"
2303,"99.9999"
2304,"99.9999"
2305,"99.9999"
2306,"99.9999"
2307,"99.9999"
2308,"99.9999"
2309,"99.9999"
2310,"99.9999"
2311,"99.9999"
2312,"99.9999"
2313,"99.9999"
2314,"99.9999"
2315,"99.9999"
2316,"99.9999"
2317,"99.9999"
2318,"99.9999"
2319,"99.9999"
2320,"99.9999"
2321,"99.9999"
2322,"99.9999"
2323,"99.9999"
2324,"99.9999"
2325,"99.9999"
2326,"99.9999"
2327,"99.9999"
2328,"99.9999"
2329,"99.9999"
2330,"99.9999"
2331,"99.9999"
2332,"99.9999"
2333,"99.9999"
2334,"99.9999"
2335,"99.9999"
2336,"99.9999"
2337,"99.9999"
2338,"99.9999"
2339,"99.9999"
2340,"99.9999"
2341,"99.9999"
2342,"99.9999"
2343,"99.9999"
2344,"99.9999"
2345,"99.9999"
2346,"99.9999"
2347,"99.9999"
2348,"99.9999"
2349,"99.9999"
2350,"99.9999"
2351,"99.9999"
2352,"99.9999"
2353,"99.9999"
2354,"99.9999"
2355,"99.9999"
2356,"99.9999"
2357,"99.9999"
2358,"99.9999"
2359,"99.9999"
2360,"99.9999"
2361,"99.9999"
2362,"99.9999"
2363,"99.9999"
2364,"99.9999"
2365,"99.9999"
2366,"99.9999"
2367,"99.9999"
2368,"99.9999"
2369,"99.9999"
2370,"99.9999"
2371,"99.9999"
2372,"99.9999"
2373,"99.9999"
2374,"99.9999"
2375,"99.9999"
2376,"99.9999"
2377,"99.9999"
2378,"99.9999"
2379,"99.9999"
2380,"99.9999"
2381,"99.9999"
2382,"99.9999"
2383,"99.9999"
2384,"99.9999"
2385,"99.9999"
2386,"99.9999"
2387,"99.9999"
2388,"99.9999"
2389,"99.9999"
2390,"99.9999"
2391,"99.9999"
2392,"99.9999"
2393,"99.9999"
2394,"99.9999"
2395,"99.9999"
2396,"99.9999"
2397,"99.9999"
2398,"99.9999"
2399,"99.9999"
2400,"99.9999"
2401,"99.9999"
2402,"99.9999"
2403,"99.9999"
2404,"99.9999"
2405,"99.9999"
2406,"99.9999"
2407,"99.9999"
2408,"99.9999"
2409,"99.9999"
2410,"99.9999"
2411,"99.9999"
2412,"99.9999"
2413,"99.9999"
2414,"99.9999"
2415,"99.9999"
2416,"99.9999"
2417,"99.9999"
2418,"99.9999"
2419,"99.9999"
2420,"99.9999"
2421,"99.9999"
2422,"99.9999"
2423,"99.9999"
2424,"99.9999"
2425,"99.9999"
2426,"99.9999"
2427,"99.9999"
2428,"99.9999"
2429,"99.9999"
2430,"99.9999"
2431,"99.9999"
2432,"99.9999"
2433,"99.9999"
2434,"99.9999"
2435,"99.9999"
2436,"99.9999"
2437,"99.9999"
2438,"99.9999"
2439,"99.9999"
2440,"99.9999"
2441,"99.9999"
2442,"99.9999"
2443,"99.9999"
2444,"99.9999"
2445,"99.9999"
2446,"99.9999"
2447,"99.9999"
2448,"99.9999"
2449,"99.9999"
2450,"99.9999"
2451,"99.9999"
2452,"99.9999"
2453,"99.9999"
2454,"99.9999"
2455,"99.9999"
2456,"99.9999"
2457,"99.9999"
2458,"99.9999"
2459,"99.9999"
2460,"99.9999"
2461,"99.9999"
2462,"99.9999"
2463,"99.9999"
2464,"99.9999"
2465,"99.9999"
2466,"99.9999"
2467,"99.9999"
2468,"99.9999"
2469,"99.9999"
2470,"99.9999"
2471,"99.9999"
2472,"99.9999"
2473,"99.9999"
2474,"99.9999"
2475,"99.9999"
2476,"99.9999"
2477,"99.9999"
2478,"99.9999"
2479,"99.9999"
2480,"99.9999"
2481,"99.9999"
2482,"99.9999"
2483,"99.9999"
2484,"99.9999"
2485,"99.9999"
2486,"99.9999"
2487,"99.9999"
2488,"99.9999"
2489,"99.9999"
2490,"99.9999"
2491,"99.9999"
2492,"99.9999"
2493,"99.9999"
2494,"99.9999"
2495,"99.9999"
2496,"99.9999"
2497,"99.9999"
2498,"99.9999"
2499,"99.9999"
2500,"99.9999"
2501,"99.9999"
2502,"99.9999"
2503,"99.9999"
2504,"99.9999"
2505,"99.9999"
2506,"99.9999"
2507,"99.9999"
2508,"99.9999"
2509,"99.9999"
2510,"99.9999"
2511,"99.9999"
2512,"99.9999"
2513,"99.9999"
2514,"99.9999"
2515,"99.9999"
2516,"99.9999"
2517,"99.9999"
2518,"99.9999"
2519,"99.9999"
2520,"99.9999"
2521,"99.9999"
2522,"99.9999"
2523,"99.9999"
2524,"99.9999"
2525,"99.9999"
2526,"99.9999"
2527,"99.9999"
2528,"99.9999"
2529,"99.9999"
2530,"99.9999"
2531,"99.9999"
2532,"99.9999"
2533,"99.9999"
2534,"99.9999"
2535,"99.9999"
2536,"99.9999"
2537,"99.9999"
2538,"99.9999"
2539,"99.9999"
2540,"99.9999"
2541,"99.9999"
2542,"99.9999"
2543,"99.9999"
2544,"99.9999"
2545,"99.9999"
2546,"99.9999"
2547,"99.9999"
2548,"99.9999"
2549,"99.9999"
2550,"99.9999"
2551,"99.9999"
2552,"99.9999"
2553,"99.9999"
2554,"99.9999"
2555,"99.9999"
2556,"99.9999"
2557,"99.9999"
2558,"99.9999"
2559,"99.9999"
2560,"99.9999"
2561,"99.9999"
2562,"99.9999"
2563,"99.9999"
2564,"99.9999"
2565,"99.9999"
2566,"99.9999"
2567,"99.9999"
2568,"99.9999"
2569,"99.9999"
2570,"99.9999"
2571,"99.9999"
2572,"99.9999"
2573,"99.9999"
2574,"99.9999"
2575,"99.9999"
2576,"99.9999"
2577,"99.9999"
2578,"99.9999"
2579,"99.9999"
2580,"99.9999"
2581,"99.9999"
2582,"99.9999"
2583,"99.9999"
2584,"99.9999"
2585,"99.9999"
2586,"99.9999"
2587,"99.9999"
2588,"99.9999"
2589,"99.9999"
2590,"99.9999"
2591,"99.9999"
2592,"99.9999"
2593,"99.9999"
2594,"99.9999"
2595,"99.9999"
2596,"99.9999"
2597,"99.9999"
2598,"99.9999"
2599,"99.9999"
2600,"99.9999"
2601,"99.9999"
2602,"99.9999"
2603,"99.9999"
2604,"99.9999"
2605,"99.9999"
2606,"99.9999"
2607,"99.9999"
2608,"99.9999"
2609,"99.9999"
2610,"99.9999"
2611,"99.9999"
2612,"99.9999"
2613,"99.9999"
2614,"99.9999"
2615,"99.9999"
2616,"99.9999"
2617,"99.9999"
2618,"99.9999"
2619,"99.9999"
2620,"99.9999"
2621,"99.9999"
2622,"99.9999"
2623,"99.9999"
2624,"99.9999"
2625,"99.9999"
2626,"99.9999"
2627,"99.9999"
2628,"99.9999"
2629,"99.9999"
2630,"99.9999"
2631,"99.9999"
2632,"99.9999"
2633,"99.9999"
2634,"99.9999"
2635,"99.9999"
2636,"99.9999"
2637,"99.9999"
2638,"99.9999"
2639,"99.9999"
2640,"99.9999"
2641,"99.9999"
2642,"99.9999"
2643,"99.9999"
2644,"99.9999"
2645,"99.9999"
2646,"99.9999"
2647,"99.9999"
2648,"99.9999"
2649,"99.9999"
2650,"99.9999"
2651,"99.9999"
2652,"99.9999"
2653,"99.9999"
2654,"99.9999"
2655,"99.9999"
2656,"99.9999"
2657,"99.9999"
2658,"99.9999"
2659,"99.9999"
2660,"99.9999"
2661,"99.9999"
2662,"99.9999"
2663,"99.9999"
2664,"99.9999"
2665,"99.9999"
2666,"99.9999"
2667,"99.9999"
2668,"99.9999"
2669,"99.9999"
2670,"99.9999"
2671,"99.9999"
2672,"99.9999"
2673,"99.9999"
2674,"99.9999"
2675,"99.9999"
2676,"99.9999"
2677,"99.9999"
2678,"99.9999"
2679,"99.9999"
2680,"99.9999"
2681,"99.9999"
2682,"99.9999"
2683,"99.9999"
2684,"99.9999"
2685,"99.9999"
2686,"99.9999"
2687,"99.9999"
2688,"99.9999"
2689,"99.9999"
2690,"99.9999"
2691,"99.9999"
2692,"99.9999"
2693,"99.9999"
2694,"99.9999"
2695,"99.9999"
2696,"99.9999"
2697,"99.9999"
2698,"99.9999"
2699,"99.9999"
2700,"99.9999"
2701,"99.9999"
2702,"99.9999"
2703,"99.9999"
2704,"99.9999"
2705,"99.9999"
2706,"99.9999"
2707,"99.9999"
2708,"99.9999"
2709,"99.9999"
2710,"99.9999"
2711,"99.9999"
2712,"99.9999"
2713,"99.9999"
2714,"99.9999"
2715,"99.9999"
2716,"99.9999"
2717,"99.9999"
2718,"99.9999"
2719,"99.9999"
2720,"99.9999"
2721,"99.9999"
2722,"99.9999"
2723,"99.9999"
2724,"99.9999"
2725,"99.9999"
2726,"99.9999"
2727,"99.9999"
2728,"99.9999"
2729,"99.9999"
2730,"99.9999"
2731,"99.9999"
2732,"99.9999"
2733,"99.9999"
2734,"99.9999"
2735,"99.9999"
2736,"99.9999"
2737,"99.9999"
2738,"99.9999"
2739,"99.9999"
2740,"99.9999"
2741,"99.9999"
2742,"99.9999"
2743,"99.9999"
2744,"99.9999"
2745,"99.9999"
2746,"99.9999"
2747,"99.9999"
2748,"99.9999"
2749,"99.9999"
2750,"99.9999"
2751,"99.9999"
2752,"99.9999"
2753,"99.9999"
2754,"99.9999"
2755,"99.9999"
2756,"99.9999"
2757,"99.9999"
2758,"99.9999"
2759,"99.9999"
2760,"99.9999"
2761,"99.9999"
2762,"99.9999"
2763,"99.9999"
2764,"99.9999"
2765,"99.9999"
2766,"99.9999"
2767,"99.9999"
2768,"99.9999"
2769,"99.9999"
2770,"99.9999"
2771,"99.9999"
2772,"99.9999"
2773,"99.9999"
2774,"99.9999"
2775,"99.9999"
2776,"99.9999"
2777,"99.9999"
2778,"99.9999"
2779,"99.9999"
2780,"99.9999"
2781,"99.9999"
2782,"99.9999"
2783,"99.9999"
2784,"99.9999"
2785,"99.9999"
2786,"99.9999"
2787,"99.9999"
2788,"99.9999"
2789,"99.9999"
2790,"99.9999"
2791,"99.9999"
2792,"99.9999"
2793,"99.9999"
2794,"99.9999"
2795,"99.9999"
2796,"99.9999"
2797,"99.9999"
2798,"99.9999"
2799,"99.9999"
2800,"99.9999"
2801,"99.9999"
2802,"99.9999"
2803,"99.9999"
2804,"99.9999"
2805,"99.9999"
2806,"99.9999"
2807,"99.9999"
2808,"99.9999"
2809,"99.9999"
2810,"99.9999"
2811,"99.9999"
2812,"99.9999"
2813,"99.9999"
2814,"99.9999"
2815,"99.9999"
2816,"99.9999"
2817,"99.9999"
2818,"99.9999"
2819,"99.9999"
2820,"99.9999"
2821,"99.9999"
2822,"99.9999"
2823,"99.9999"
2824,"99.9999"
2825,"99.9999"
2826,"99.9999"
2827,"99.9999"
2828,"99.9999"
2829,"99.9999"
2830,"99.9999"
2831,"99.9999"
2832,"99.9999"
2833,"99.9999"
2834,"99.9999"
2835,"99.9999"
2836,"99.9999"
2837,"99.9999"
2838,"99.9999"
2839,"99.9999"
2840,"99.9999"
2841,"99.9999"
2842,"99.9999"
2843,"99.9999"
2844,"99.9999"
2845,"99.9999"
2846,"99.9999"
2847,"99.9999"
2848,"99.9999"
2849,"99.9999"
2850,"99.9999"
2851,"99.9999"
2852,"99.9999"
2853,"99.9999"
2854,"99.9999"
2855,"99.9999"
2856,"99.9999"
2857,"99.9999"
2858,"99.9999"
2859,"99.9999"
2860,"99.9999"
2861,"99.9999"
2862,"99.9999"
2863,"99.9999"
2864,"99.9999"
2865,"99.9999"
2866,"99.9999"
2867,"99.9999"
2868,"99.9999"
2869,"99.9999"
2870,"99.9999"
2871,"99.9999"
2872,"99.9999"
2873,"99.9999"
2874,"99.9999"
2875,"99.9999"
2876,"99.9999"
2877,"99.9999"
2878,"99.9999"
2879,"99.9999"
2880,"99.9999"
2881,"99.9999"
2882,"99.9999"
2883,"99.9999"
2884,"99.9999"
2885,"99.9999"
2886,"99.9999"
2887,"99.9999"
2888,"99.9999"
2889,"99.9999"
2890,"99.9999"
2891,"99.9999"
2892,"99.9999"
2893,"99.9999"
2894,"99.9999"
2895,"99.9999"
2896,"99.9999"
2897,"99.9999"
2898,"99.9999"
2899,"99.9999"
2900,"99.9999"
2901,"99.9999"
2902,"99.9999"
2903,"99.9999"
2904,"99.9999"
2905,"99.9999"
2906,"99.9999"
2907,"99.9999"
2908,"99.9999"
2909,"99.9999"
2910,"99.9999"
2911,"99.9999"
2912,"99.9999"
2913,"99.9999"
2914,"99.9999"
2915,"99.9999"
2916,"99.9999"
2917,"99.9999"
2918,"99.9999"
2919,"99.9999"
2920,"99.9999"
2921,"99.9999"
2922,"99.9999"
2923,"99.9999"
2924,"99.9999"
2925,"99.9999"
2926,"99.9999"
2927,"99.9999"
2928,"99.9999"
2929,"99.9999"
2930,"99.9999"
2931,"99.9999"
2932,"99.9999"
2933,"99.9999"
2934,"99.9999"
2935,"99.9999"
2936,"99.9999"
2937,"99.9999"
2938,"99.9999"
2939,"99.9999"
2940,"99.9999"
2941,"99.9999"
2942,"99.9999"
2943,"99.9999"
2944,"99.9999"
2945,"99.9999"
2946,"99.9999"
2947,"99.9999"
2948,"99.9999"
2949,"99.9999"
2950,"99.9999"
2951,"99.9999"
2952,"99.9999"
2953,"99.9999"
2954,"99.9999"
2955,"99.9999"
2956,"99.9999"
2957,"99.9999"
2958,"99.9999"
2959,"99.9999"
2960,"99.9999"
2961,"99.9999"
2962,"99.9999"
2963,"99.9999"
2964,"99.9999"
2965,"99.9999"
2966,"99.9999"
2967,"99.9999"
2968,"99.9999"
2969,"99.9999"
2970,"99.9999"
2971,"99.9999"
2972,"99.9999"
2973,"99.9999"
2974,"99.9999"
2975,"99.9999"
2976,"99.9999"
2977,"99.9999"
2978,"99.9999"
2979,"99.9999"
2980,"99.9999"
2981,"99.9999"
2982,"99.9999"
2983,"99.9999"
2984,"99.9999"
2985,"99.9999"
2986,"99.9999"
2987,"99.9999"
2988,"99.9999"
2989,"99.9999"
2990,"99.9999"
2991,"99.9999"
2992,"99.9999"
2993,"99.9999"
2994,"99.9999"
2995,"99.9999"
2996,"99.9999"
2997,"99.9999"
2998,"99.9999"
2999,"99.9999"
